{
  "gender": 0,
  "age": 0,
  "head": {
    "gender": 0,
    "bundle": "xiaomi_male.bundle",
    "gender_match": 0
  },
  "eye": {
    "gender": 0,
    "bundle": "human_x2/E003.bundle",
    "gender_match": 2
  },
  "glasses": {
    "gender": 0,
    "bundle": "human_x2/M008.bundle",
    "gender_match": 2
  },
  "earring": {
    "gender": 0,
    "bundle": "human_x2/Q005.bundle",
    "gender_match": 2
  },
  "hair": {
    "gender": 0,
    "bundle": "human_x2/C016.bundle",
    "gender_match": 1
  },
  "eyelid": {
    "gender": 0,
    "bundle": "human_x2/N001.bundle",
    "gender_match": 2
  },
  "brow": {
    "gender": 0,
    "bundle": "human_x2/F003.bundle",
    "gender_match": 2
  },
  "liplash": {
    "gender": 0,
    "bundle": "makeup/xiaomi_liplash.bundle",
    "gender_match": 0
  },
  "eyelash": {
    "gender": 0,
    "bundle": "human_x2/o005.bundle",
    "gender_match": 2
  },
  "lip_color": {
    "r": 218,
    "g": 90,
    "b": 85
  },
  "skin_color": {
    "r": 230,
    "g": 192,
    "b": 164
  },
  "glass_frame_color": {
    "r": 58,
    "g": 58,
    "b": 58
  },
  "beard_color": {
    "r": 186,
    "g": 112,
    "b": 150
  },
  "eyebrow_color": {
    "r": 186,
    "g": 112,
    "b": 150
  },
  "hat_color": {
    "r":214,
    "g":214,
    "b":214
  },
  "hair_color": {
    "r": 186,
    "g": 112,
    "b": 150
  }
}