{
  "gender": 0,
  "age": 0,
  "head": {
    "gender": 0,
    "bundle": "xiaomi_male.bundle",
    "gender_match": 0
  },
  "nose": {
    "gender": 0,
    "bundle": "human_x3/G003c.bundle",
    "gender_match": 2
  },
  "eye": {
    "gender": 0,
    "bundle": "human_x3/E001.bundle",
    "gender_match": 2
  },
  "glasses": {
    "gender": 0,
    "bundle": "",
    "gender_match": 0
  },
  "freckle": {
    "gender": 0,
    "bundle": "human_x3/ia003.bundle",
    "gender_match": 2
  },
  "headwear": {
    "gender": 0,
    "bundle": "",
    "gender_match": 0
  },
  "hair": {
    "gender": 0,
    "bundle": "human_x3/B005.bundle",
    "gender_match": 0
  },
  "beard": {
    "gender": 0,
    "bundle": "",
    "gender_match": 0
  },
  "eyelid": {
    "gender": 0,
    "bundle": "human_x3/N001.bundle",
    "gender_match": 2
  },
  "brow": {
    "gender": 0,
    "bundle": "human_x3/F008.bundle",
    "gender_match": 2
  },
  "liplash": {
    "gender": 0,
    "bundle": "makeup/xiaomi_liplash.bundle",
    "gender_match": 0
  },
  "lip_color": {
    "r": 219,
    "g": 149,
    "b": 135
  },
  "skin_color": {
    "r": 228,
    "g": 180,
    "b": 151
  },
  "glass_frame_color": {
    "r": 58,
    "g": 58,
    "b": 58
  },
  "beard_color": {
    "r": 180,
    "g": 106,
    "b": 69
  },
  "eyebrow_color": {
    "r": 180,
    "g": 106,
    "b": 69
  },
  "hat_color": {
    "r":214,
    "g":214,
    "b":214
  },
  "hair_color": {
    "r": 180,
    "g": 106,
    "b": 69
  }
}
