{
    "id":"cheerful",
    "transition":
    [
        {
            "transitionname":"TransitionOverlappFilter",
            "parament":{
                "duration":0.500
            }
        },
        {
            "transitionname":"TransitionOverlappFilter",
            "parament":{
                "duration":0.433
            }
        },
        {
            "transitionname":"TransitionOverlappFilter",
            "parament":{
                "duration":0.500
            }
        },
        {
            "transitionname":"TransitionOverlappFilter",
            "parament":{
                "duration":0.4
            }
        }
    ]
}
