{
  "gender": 0,
  "age": 0,
  "head": {
    "gender": 0,
    "bundle": "xiaomi_male.bundle",
    "gender_match": 0
  },
  "eye": {
    "gender": 0,
    "bundle": "human_x1/E005.bundle",
    "gender_match": 2
  },
  "nose": {
    "gender": 0,
    "bundle": "human_x1/G003a.bundle",
    "gender_match": 2
  },
  "freckle": {
    "gender": 0,
    "bundle": "human_x1/ia002.bundle",
    "gender_match": 2
  },
  "headwear": {
    "gender": 0,
    "bundle": "human_x1/K014.bundle",
    "gender_match": 2
  },
  "hair": {
    "gender": 0,
    "bundle": "human_x1/C021.bundle",
    "gender_match": 1
  },
  "brow": {
    "gender": 0,
    "bundle": "human_x1/F017.bundle",
    "gender_match": 2
  },
  "liplash": {
    "gender": 0,
    "bundle": "makeup/xiaomi_liplash.bundle",
    "gender_match": 0
  },
  "eyelash": {
    "gender": 0,
    "bundle": "human_x1/o001.bundle",
    "gender_match": 2
  },
  "lip_color": {
    "r": 218,
    "g": 90,
    "b": 85
  },
  "skin_color": {
    "r": 228,
    "g": 180,
    "b": 151
  },
  "glass_frame_color": {
    "r": 58,
    "g": 58,
    "b": 58
  },
  "beard_color": {
    "r": 89,
    "g": 60,
    "b": 44
  },
  "eyebrow_color": {
    "r": 89,
    "g": 60,
    "b": 44
  },
  "hat_color": {
    "r": 207,
    "g": 127,
    "b": 169
  },
  "hair_color": {
    "r": 89,
    "g": 60,
    "b": 44
  }
}