{
  "gender": 0,
  "age": 0,
  "head": {
    "gender": 0,
    "bundle": "xiaomi_male.bundle",
    "gender_match": 0
  },
  "nose": {
    "gender": 0,
    "bundle": "human_x4/G009a.bundle",
    "gender_match": 2
  },
  "glasses": {
    "gender": 0,
    "bundle": "human_x4/M013.bundle",
    "gender_match": 2
  },
  "hair": {
    "gender": 0,
    "bundle": "human_x4/B006.bundle",
    "gender_match": 0
  },
  "face": {
    "gender": 0,
    "bundle": "human_x4/D005.bundle",
    "gender_match": 2
  },
  "mouth": {
    "gender": 0,
    "bundle": "human_x4/H002.bundle",
    "gender_match": 2
  },
  "beard": {
    "gender": 0,
    "bundle": "human_x4/J010.bundle",
    "gender_match": 2
  },
  "brow": {
    "gender": 0,
    "bundle": "human_x4/F004.bundle",
    "gender_match": 2
  },
  "liplash": {
    "gender": 0,
    "bundle": "makeup/xiaomi_liplash.bundle",
    "gender_match": 0
  },
  "lip_color": {
    "r": 168,
    "g": 121,
    "b": 95
  },
  "skin_color": {
    "r": 169,
    "g": 126,
    "b": 100
  },
  "glass_frame_color": {
    "r": 58,
    "g": 58,
    "b": 58
  },
  "beard_color": {
    "r": 55,
    "g": 50,
    "b": 52
  },
  "eyebrow_color": {
    "r": 55,
    "g": 50,
    "b": 52
  },
  "hat_color": {
    "r":214,
    "g":214,
    "b":214
  },
  "hair_color": {
    "r": 55,
    "g": 50,
    "b": 52
  }
}