{
    "id":"warmlife",
    "transition":
    [
        {
            "transitionname":"default",
            "parament":{
            }
        },
        {
            "transitionname":"default",
            "parament":{
            }
        },
        {
            "transitionname":"default",
            "parament":{
            }
        },
        {
            "transitionname":"TransitionOverlappFilter",
            "parament":{
                "duration":0.4
            }
        }

    ]
}
