{
    "id":"slow",
    "transition":[
        {
            "transitionname":"BlackTransitionFilter",
            "parament":{
                "start_pts1":2667,
                "end_pts1":3067,
                "start_pts2":67,
                "end_pts2":400
            }
        },
        {
            "transitionname":"BlackTransitionFilter",
            "parament":{
                "start_pts1":2667,
                "end_pts1":3067,
                "start_pts2":67,
                "end_pts2":400
            }
        },
        {
            "transitionname":"BlackTransitionFilter",
            "parament":{
                "start_pts1":2667,
                "end_pts1":3067,
                "start_pts2":67,
                "end_pts2":400
            }
        },
        {
            "transitionname":"BlackTransitionFilter",
            "parament":{
                "start_pts1":2667,
                "end_pts1":3067,
                "start_pts2":67,
                "end_pts2":400
            }
        },
        {
            "transitionname":"BlackTransitionFilter",
            "parament":{
                "start_pts1":1800,
                "end_pts1":2133,
                "start_pts2":0,
                "end_pts2":0
            }
        }
    ]
}
