{
    "id":"staticframe",
    "transition":[
        {
            "transitionname":"StaticFrameTransitionFilter",
            "parament":{
                "duration1":834,
                "scale1":1.0,
                "duration2":434,
                "scale2":1.2,
                "duration3":467,
                "scale3":1.5,
                "videopath":"external_video.mov",
                "filterpath":"gray_filter.png"
            }
        },
        {
            "transitionname":"StaticFrameTransitionFilter",
            "parament":{
                "duration1":933,
                "scale1":1.0,
                "duration2":367,
                "scale2":1.2,
                "duration3":433,
                "scale3":1.5,
                "videopath":"external_video.mov",
                "filterpath":"gray_filter.png"
            }
        },
        {
            "transitionname":"StaticFrameTransitionFilter",
            "parament":{
                "duration1":933,
                "scale1":1.0,
                "duration2":433,
                "scale2":1.2,
                "duration3":367,
                "scale3":1.5,
                "videopath":"external_video.mov",
                "filterpath":"gray_filter.png"
            }
        },
        {
            "transitionname":"StaticFrameTransitionFilter",
            "parament":{
                "duration1":733,
                "scale1":1.0,
                "duration2":267,
                "scale2":1.3,
                "duration3":233,
                "scale3":1.5,
                "duration4":200,
                "scale4":1.7,
                "duration5":267,
                "scale5":1.3,
                "duration6":933,
                "scale6":0.0,
                "videopath":"external_video.mov",
                "filterpath":"gray_filter.png"
            }
        }
    ]
}
